,Year Graduated,Salary,Fee
count,88.0,88.0,88.0
mean,2006.4772727272727,84090.90909090909,11708.727272727272
std,1.5608520567804296,21234.128008173615,1110.6479493042
min,2004.0,35000.0,10869.0
25%,2005.0,75000.0,10968.0
50%,2006.5,75000.0,11696.0
75%,2008.0,90000.0,12058.25
max,2009.0,160000.0,20960.0
